Event_Date,Event_ID
2015-01-31,295
2015-02-28,297
2015-03-31,298
2015-04-30,258
2015-05-31,423
2015-06-30,230
2015-07-31,298
2015-08-31,226
2015-09-30,293
2015-10-31,301
2015-11-30,266
2015-12-31,191
2016-01-31,444
2016-02-29,527
2016-03-31,222
2016-04-30,272
2016-05-31,232
2016-06-30,442
2016-07-31,168
2016-08-31,372
2016-09-30,449
2016-10-31,260
2016-11-30,260
2016-12-31,161
2017-01-31,450
2017-02-28,437
2017-03-31,281
2017-04-30,216
2017-05-31,312
2017-06-30,306
2017-07-31,345
2017-08-31,228
2017-09-30,330
2017-10-31,246
2017-11-30,193
2017-12-31,154
2018-01-31,263
2018-02-28,340
2018-03-31,283
2018-04-30,423
2018-05-31,259
2018-06-30,252
2018-07-31,563
2018-08-31,302
2018-09-30,263
2018-10-31,494
2018-11-30,353
2018-12-31,293
2019-01-31,376
2019-02-28,208
2019-03-31,288
2019-04-30,355
2019-05-31,345
2019-06-30,702
2019-07-31,475
2019-08-31,350
2019-09-30,243
2019-10-31,375
2019-11-30,821
2019-12-31,591
2020-01-31,316
2020-02-29,204
2020-03-31,183
2020-04-30,229
